Date,Company,Position,Location,Apply Here,Posting Time,Seniority Level
2023-Dec-21,Gartner,Gartner - Lead Software Engineer - Java Backend Development ,No Info,https://hirist.com/j/gartner-lead-software-engineer-java-backend-development-8-10-yrs-1278670.html?ref=kp_br_prm&jobpos=1&jobversion=2,No Info,No Info
2023-Dec-21,MakeMyTrip,MakeMyTrip - Lead Software Engineer - React.js ,No Info,https://hirist.com/j/makemytrip-lead-software-engineer-reactjs-8-14-yrs-1277728.html?ref=kp_br&jobpos=2&jobversion=2,No Info,No Info
2023-Dec-21,MakeMyTrip,MakeMyTrip - Lead Software Engineer - Java ,No Info,https://hirist.com/j/makemytrip-lead-software-engineer-java-5-8-yrs-1277711.html?ref=kp_br&jobpos=3&jobversion=2,No Info,No Info
2023-Dec-21,CarDekho,CarDekho - Engineering Manager - Full Stack Development ,No Info,https://hirist.com/j/cardekho-engineering-manager-full-stack-development-6-10-yrs-1276535.html?ref=kp_br&jobpos=4&jobversion=2,No Info,No Info
2023-Dec-21,ABB,ABB - .Net Full Stack Developer - Web Apps ,No Info,https://hirist.com/j/abb-net-full-stack-developer-web-apps-3-10-yrs-1279126.html?ref=kp_br&jobpos=5&jobversion=2,No Info,No Info
2023-Dec-21,MyOperator,MyOperator - React.js Developer - Internship ,No Info,https://hirist.com/j/myoperator-reactjs-developer-internship-0-1-yrs-1279121.html?ref=kp_br&jobpos=6&jobversion=2,No Info,No Info
2023-Dec-21,Vastu Housing Finance,Vastu Housing Finance - React.js Developer - Redux/Javascript ,No Info,https://hirist.com/j/vastu-housing-finance-reactjs-developer-reduxjavascript-3-10-yrs-1278395.html?ref=kp_br&jobpos=7&jobversion=2,No Info,No Info
2023-Dec-21,Frontend Developer,Frontend Developer - Javascript ,No Info,https://hirist.com/j/frontend-developer-javascript-5-10-yrs-1278527.html?ref=kp_br&jobpos=8&jobversion=2,No Info,No Info
2023-Dec-21,Thrillophilia,Thrillophilia - Frontend Developer - React.js/Next.js ,No Info,https://hirist.com/j/thrillophilia-frontend-developer-reactjsnextjs-4-10-yrs-1277899.html?ref=kp_br&jobpos=9&jobversion=2,No Info,No Info
2023-Dec-21,KreditBee,KreditBee - Engineering Manager ,No Info,https://hirist.com/j/kreditbee-engineering-manager-7-13-yrs-1274131.html?ref=kp_br&jobpos=10&jobversion=2,No Info,No Info
2023-Dec-21,KredX,KredX - Frontend Developer - React.js/Javascript ,No Info,https://hirist.com/j/kredx-frontend-developer-reactjsjavascript-1-2-yrs-1277759.html?ref=kp_br&jobpos=11&jobversion=2,No Info,No Info
2023-Dec-21,Trendlyne,Trendlyne - Lead Full Stack Engineer - Python/Django ,No Info,https://hirist.com/j/trendlyne-lead-full-stack-engineer-pythondjango-4-12-yrs-1277616.html?ref=kp_br&jobpos=12&jobversion=2,No Info,No Info
2023-Dec-21,Trendlyne,Trendlyne - Senior/Lead Frontend Developer - React.js/Javascript ,No Info,https://hirist.com/j/trendlyne-seniorlead-frontend-developer-reactjsjavascript-2-10-yrs-1277615.html?ref=kp_br&jobpos=13&jobversion=2,No Info,No Info
2023-Dec-21,InsuranceDekho,InsuranceDekho - Technical Lead - Full Stack Development ,No Info,https://hirist.com/j/insurancedekho-technical-lead-full-stack-development-5-10-yrs-1277206.html?ref=kp_br&jobpos=14&jobversion=2,No Info,No Info
2023-Dec-21,Engineering Manager ,Engineering Manager ,No Info,https://hirist.com/j/engineering-manager-8-12-yrs-1277144.html?ref=kp_br&jobpos=15&jobversion=2,No Info,No Info
2023-Dec-21,Stanza Living,Stanza Living - Frontend Developer - React Native ,No Info,https://hirist.com/j/stanza-living-frontend-developer-react-native-2-4-yrs-1276215.html?ref=kp_br&jobpos=16&jobversion=2,No Info,No Info
2023-Dec-21,Robosoft Technologies,Robosoft Technologies - Java Full Stack Developer - Spring/AngularJS ,No Info,https://hirist.com/j/robosoft-technologies-java-full-stack-developer-springangularjs-3-6-yrs-1275701.html?ref=kp_br&jobpos=17&jobversion=2,No Info,No Info
2023-Dec-21,Animall,Animall - Frontend Developer - Javascript/ES6 ,No Info,https://hirist.com/j/animall-frontend-developer-javascriptes6-2-5-yrs-1274606.html?ref=kp_br&jobpos=18&jobversion=2,No Info,No Info
2023-Dec-21,Robosoft Technologies,Robosoft Technologies - Java Full Stack Engineer - Applications Development ,No Info,https://hirist.com/j/robosoft-technologies-java-full-stack-engineer-applications-development-4-6-yrs-1274340.html?ref=kp_br&jobpos=19&jobversion=2,No Info,No Info
2023-Dec-21,Full Stack Developer,Full Stack Developer - Spring/React.js/AngularJS ,No Info,https://hirist.com/j/full-stack-developer-springreactjsangularjs-6-8-yrs-1273765.html?ref=kp_br&jobpos=20&jobversion=2,No Info,No Info
2023-Dec-21,Zupee,Zupee - Website Lead - Content Management System ,No Info,https://hirist.com/j/zupee-website-lead-content-management-system-5-9-yrs-1273291.html?ref=kp_br&jobpos=21&jobversion=2,No Info,No Info
2023-Dec-21,Unicommerce,Unicommerce - Lead React.js Engineer - Javascript/TypeScript ,No Info,https://hirist.com/j/unicommerce-lead-reactjs-engineer-javascripttypescript-6-12-yrs-1272744.html?ref=kp_br&jobpos=22&jobversion=2,No Info,No Info
2023-Dec-21,Jusdial,Jusdial - Senior Software Engineer - Full Stack Development ,No Info,https://hirist.com/j/jusdial-senior-software-engineer-full-stack-development-3-6-yrs-1272731.html?ref=kp_br&jobpos=23&jobversion=2,No Info,No Info
2023-Dec-21,NewsBytes,NewsBytes - Frontend Developer - HTML5/CSS3 ,No Info,https://hirist.com/j/newsbytes-frontend-developer-html5css3-2-4-yrs-1272798.html?ref=kp_br&jobpos=24&jobversion=2,No Info,No Info
2023-Dec-21,Gnani.ai,Gnani.ai - Frontend Application Developer - Product Development ,No Info,https://hirist.com/j/gnaniai-frontend-application-developer-product-development-3-6-yrs-1272579.html?ref=kp_br&jobpos=25&jobversion=2,No Info,No Info
2023-Dec-21,Matrimony.com,Matrimony.com - Full Stack Developer - TypeScript/Javascript ,No Info,https://hirist.com/j/matrimonycom-full-stack-developer-typescriptjavascript-3-8-yrs-1272049.html?ref=kp_br&jobpos=26&jobversion=2,No Info,No Info
2023-Dec-21,Matrimony.com,Matrimony.com - Full Stack Developer - Javascript/TypeScript ,No Info,https://hirist.com/j/matrimonycom-full-stack-developer-javascripttypescript-4-8-yrs-1272010.html?ref=kp_br&jobpos=27&jobversion=2,No Info,No Info
2023-Dec-21,Matrimony.com,Matrimony.com - Full Stack Developer - Node.js/React.js ,No Info,https://hirist.com/j/matrimonycom-full-stack-developer-nodejsreactjs-8-12-yrs-1272004.html?ref=kp_br&jobpos=28&jobversion=2,No Info,No Info
2023-Dec-21,EY,EY - Full Stack Developer - Java/Spring Boot ,No Info,https://hirist.com/j/ey-full-stack-developer-javaspring-boot-4-10-yrs-1271713.html?ref=kp_br&jobpos=29&jobversion=2,No Info,No Info
2023-Dec-21,Frontend Developer,Frontend Developer - React.js/Vue.js/Knockout.js ,No Info,https://hirist.com/j/frontend-developer-reactjsvuejsknockoutjs-5-10-yrs-1271499.html?ref=kp_br&jobpos=30&jobversion=2,No Info,No Info
2023-Dec-21,Senior Backend Developer,Senior Backend Developer - Python/Django Framework ,No Info,https://hirist.com/j/senior-backend-developer-pythondjango-framework-5-10-yrs-1271654.html?ref=kp_br&jobpos=31&jobversion=2,No Info,No Info
2023-Dec-21,Brillio,Brillio - Frontend Developer - React.js ,No Info,https://hirist.com/j/brillio-frontend-developer-reactjs-4-6-yrs-1269737.html?ref=kp_br&jobpos=32&jobversion=2,No Info,No Info
2023-Dec-21,Innovacer,Innovacer - Software Development Engineer III - Frontend Development ,No Info,https://hirist.com/j/innovacer-software-development-engineer-iii-frontend-development-5-7-yrs-1269380.html?ref=kp_br&jobpos=33&jobversion=2,No Info,No Info
2023-Dec-21,Tractor Junction,Tractor Junction - Director of Technology ,No Info,https://hirist.com/j/tractor-junction-director-of-technology-8-12-yrs-1269150.html?ref=kp_br&jobpos=34&jobversion=2,No Info,No Info
2023-Dec-21,Tractor Junction,Tractor Junction - Engineering Manager - React.js/Node.js ,No Info,https://hirist.com/j/tractor-junction-engineering-manager-reactjsnodejs-6-9-yrs-1269151.html?ref=kp_br&jobpos=35&jobversion=2,No Info,No Info
2023-Dec-21,Industrybuying.com,Industrybuying.com - Senior Full Stack Developer - AngularJS/Node.js ,No Info,https://hirist.com/j/industrybuyingcom-senior-full-stack-developer-angularjsnodejs-4-7-yrs-1268766.html?ref=kp_br&jobpos=36&jobversion=2,No Info,No Info
2023-Dec-21,M2P Fintech,M2P Fintech - Software Development Engineer I/II - MERN Stack ,No Info,https://hirist.com/j/m2p-fintech-software-development-engineer-iii-mern-stack-1-4-yrs-1268227.html?ref=kp_br&jobpos=37&jobversion=2,No Info,No Info
2023-Dec-21,ekincare,ekincare - Full Stack Developer - Ruby on Rails/React.js ,No Info,https://hirist.com/j/ekincare-full-stack-developer-ruby-on-railsreactjs-3-6-yrs-1268505.html?ref=kp_br&jobpos=38&jobversion=2,No Info,No Info
2023-Dec-21,Docsumo,Docsumo - Frontend Lead - React.js ,No Info,https://hirist.com/j/docsumo-frontend-lead-reactjs-5-10-yrs-1268555.html?ref=kp_br&jobpos=39&jobversion=2,No Info,No Info
2023-Dec-21,Porter,Porter - Software Development Engineer - Web Applications ,No Info,https://hirist.com/j/porter-software-development-engineer-web-applications-4-5-yrs-1265877.html?ref=kp_br&jobpos=40&jobversion=2,No Info,No Info
2023-Dec-21,Samsung,Samsung - UI Developer - React.js/Javascript ,No Info,https://hirist.com/j/samsung-ui-developer-reactjsjavascript-4-8-yrs-1265176.html?ref=kp_br&jobpos=41&jobversion=2,No Info,No Info
2023-Dec-21,FlexiLoans,FlexiLoans - Software Engineer - Backend Development ,No Info,https://hirist.com/j/flexiloans-software-engineer-backend-development-3-5-yrs-1267964.html?ref=kp_br&jobpos=42&jobversion=2,No Info,No Info
2023-Dec-21,React.js Developer,React.js Developer - Redux ,No Info,https://hirist.com/j/reactjs-developer-redux-2-5-yrs-1267741.html?ref=kp_br&jobpos=43&jobversion=2,No Info,No Info
2023-Dec-21,React.js Developer,React.js Developer - Javascript ,No Info,https://hirist.com/j/reactjs-developer-javascript-7-12-yrs-1267765.html?ref=kp_br&jobpos=44&jobversion=2,No Info,No Info
2023-Dec-21,FlexiLoans,FlexiLoans - Software Engineer - Full Stack Development ,No Info,https://hirist.com/j/flexiloans-software-engineer-full-stack-development-3-5-yrs-1267958.html?ref=kp_br&jobpos=45&jobversion=2,No Info,No Info
2023-Dec-21,XSEED Education,XSEED Education - Senior Engineer - Full Stack Development ,No Info,https://hirist.com/j/xseed-education-senior-engineer-full-stack-development-1-3-yrs-1266741.html?ref=kp_br&jobpos=46&jobversion=2,No Info,No Info
2023-Dec-21,Gripinvest,Gripinvest - Software Development Engineer - Frontend Architecture ,No Info,https://hirist.com/j/gripinvest-software-development-engineer-frontend-architecture-2-5-yrs-1266994.html?ref=kp_br&jobpos=47&jobversion=2,No Info,No Info
2023-Dec-21,Itilite Technologies,Itilite Technologies - Lead Frontend Engineer - React.js ,No Info,https://hirist.com/j/itilite-technologies-lead-frontend-engineer-reactjs-5-7-yrs-1265755.html?ref=kp_br&jobpos=48&jobversion=2,No Info,No Info
2023-Dec-21,Entri.app,Entri.app - Web Developer - Frontend Product Engineering ,No Info,https://hirist.com/j/entriapp-web-developer-frontend-product-engineering-1-3-yrs-1265907.html?ref=kp_br&jobpos=49&jobversion=2,No Info,No Info
2023-Dec-21,Text Mercato Solutions,Text Mercato Solutions - Software Development Engineer I/II - Full Stack Technologies ,No Info,https://hirist.com/j/text-mercato-solutions-software-development-engineer-iii-full-stack-technologies-1-5-yrs-1265898.html?ref=kp_br&jobpos=50&jobversion=2,No Info,No Info
2023-Dec-21,Razorpay,Razorpay - Product Development Engineer II - Frontend Technologies ,No Info,https://hirist.com/j/razorpay-product-development-engineer-ii-frontend-technologies-2-4-yrs-1262092.html?ref=kp_br&jobpos=51&jobversion=2,No Info,No Info
2023-Dec-21,Brillio,Brillio - Full Stack Developer/Lead - Java/Spring Boot ,No Info,https://hirist.com/j/brillio-full-stack-developerlead-javaspring-boot-5-8-yrs-1265512.html?ref=kp_br&jobpos=52&jobversion=2,No Info,No Info
2023-Dec-21,CarDekho,CarDekho - Engineering Head - Node.js/React.js ,No Info,https://hirist.com/j/cardekho-engineering-head-nodejsreactjs-8-15-yrs-1260997.html?ref=kp_br&jobpos=53&jobversion=2,No Info,No Info
2023-Dec-21,CarDekho,CarDekho - Head of Engineering - FinTech Domain ,No Info,https://hirist.com/j/cardekho-head-of-engineering-fintech-domain-9-15-yrs-1260999.html?ref=kp_br&jobpos=54&jobversion=2,No Info,No Info
2023-Dec-21,Senior Full Stack Developer,Senior Full Stack Developer - System Design & Architecture ,No Info,https://hirist.com/j/senior-full-stack-developer-system-design-architecture-3-7-yrs-1263584.html?ref=kp_br&jobpos=55&jobversion=2,No Info,No Info
2023-Dec-21,Leverage Edu,Leverage Edu - Senior Software Engineer - Full Stack Development ,No Info,https://hirist.com/j/leverage-edu-senior-software-engineer-full-stack-development-3-6-yrs-1263383.html?ref=kp_br&jobpos=56&jobversion=2,No Info,No Info
2023-Dec-21,React.js Developer ,React.js Developer  - Javascript ,No Info,https://hirist.com/j/reactjs-developer-javascript-7-10-yrs-1262041.html?ref=kp_br&jobpos=57&jobversion=2,No Info,No Info
2023-Dec-21,Full Stack Developer,Full Stack Developer - Java ,No Info,https://hirist.com/j/full-stack-developer-java-6-12-yrs-1262049.html?ref=kp_br&jobpos=58&jobversion=2,No Info,No Info
2023-Dec-21,Prodapt,Prodapt - Senior Technical Lead - Java/Microservices Architecture ,No Info,https://hirist.com/j/prodapt-senior-technical-lead-javamicroservices-architecture-9-15-yrs-1262072.html?ref=kp_br&jobpos=59&jobversion=2,No Info,No Info
2023-Dec-21,Senior Developer,Senior Developer - Java/Spring Boot ,No Info,https://hirist.com/j/senior-developer-javaspring-boot-7-9-yrs-1262117.html?ref=kp_br&jobpos=60&jobversion=2,No Info,No Info
2023-Dec-21,Senior UI Developer,Senior UI Developer - React.js/Vue.js/AngularJS ,No Info,https://hirist.com/j/senior-ui-developer-reactjsvuejsangularjs-5-7-yrs-1262147.html?ref=kp_br&jobpos=61&jobversion=2,No Info,No Info
2023-Dec-21,Java Full Stack Developer,Java Full Stack Developer - Spring/Hibernate ,No Info,https://hirist.com/j/java-full-stack-developer-springhibernate-5-15-yrs-1259109.html?ref=kp_br&jobpos=62&jobversion=2,No Info,No Info
2023-Dec-21,Pristyn Care,Pristyn Care - Angular Developer - React.js/RDBMS ,No Info,https://hirist.com/j/pristyn-care-angular-developer-reactjsrdbms-1-3-yrs-1258902.html?ref=kp_br&jobpos=63&jobversion=2,No Info,No Info
2023-Dec-21,UI Developer,UI Developer - Web Applications ,No Info,https://hirist.com/j/ui-developer-web-applications-2-8-yrs-1261377.html?ref=kp_br&jobpos=64&jobversion=2,No Info,No Info
2023-Dec-21,HealthifyMe,HealthifyMe - Frontend Developer - React.js/Javascript ,No Info,https://hirist.com/j/healthifyme-frontend-developer-reactjsjavascript-3-6-yrs-1260994.html?ref=kp_br&jobpos=65&jobversion=2,No Info,No Info
2023-Dec-21,Pristyn Care,Pristyn Care - Software Engineer - AngularJS/React.js/RDBMS ,No Info,https://hirist.com/j/pristyn-care-software-engineer-angularjsreactjsrdbms-1-3-yrs-1257447.html?ref=kp_br&jobpos=66&jobversion=2,No Info,No Info
2023-Dec-21,Robosoft Technologies,Robosoft Technologies - React.js Lead/Architect - Frontend Architecture ,No Info,https://hirist.com/j/robosoft-technologies-reactjs-leadarchitect-frontend-architecture-6-15-yrs-1260320.html?ref=kp_br&jobpos=67&jobversion=2,No Info,No Info
2023-Dec-21,Frontend Developer,Frontend Developer - React.js/Javascript ,No Info,https://hirist.com/j/frontend-developer-reactjsjavascript-5-9-yrs-1260286.html?ref=kp_br&jobpos=68&jobversion=2,No Info,No Info
2023-Dec-21,Jio,Jio - Senior Software Engineer - Python/MongoDB ,No Info,https://hirist.com/j/jio-senior-software-engineer-pythonmongodb-3-9-yrs-1259627.html?ref=kp_br&jobpos=69&jobversion=2,No Info,No Info
2023-Dec-21,Capgemini,Capgemini - Java Full Stack Developer - AngularJS/React.js ,No Info,https://hirist.com/j/capgemini-java-full-stack-developer-angularjsreactjs-6-12-yrs-1259828.html?ref=kp_br&jobpos=70&jobversion=2,No Info,No Info
2023-Dec-21,Full Stack Developer,Full Stack Developer - NFT Platform ,No Info,https://hirist.com/j/full-stack-developer-nft-platform-5-7-yrs-1259047.html?ref=kp_br&jobpos=71&jobversion=2,No Info,No Info
2023-Dec-21,MakeMyTrip,MakeMyTrip - Senior Software Engineer - React.js ,No Info,https://hirist.com/j/makemytrip-senior-software-engineer-reactjs-4-7-yrs-1255017.html?ref=kp_br&jobpos=72&jobversion=2,No Info,No Info
2023-Dec-21,Newgen Software Technologies,Newgen Software Technologies - Software Design Engineer - React.js ,No Info,https://hirist.com/j/newgen-software-technologies-software-design-engineer-reactjs-3-7-yrs-1258657.html?ref=kp_br&jobpos=73&jobversion=2,No Info,No Info
2023-Dec-21,Gartner,Gartner - Lead Software Engineer - Java/Spring Boot ,No Info,https://hirist.com/j/gartner-lead-software-engineer-javaspring-boot-7-9-yrs-1257957.html?ref=kp_br&jobpos=74&jobversion=2,No Info,No Info
2023-Dec-21,Engineering Manager,Engineering Manager - Frontend Architecture ,No Info,https://hirist.com/j/engineering-manager-frontend-architecture-10-15-yrs-1257660.html?ref=kp_br&jobpos=75&jobversion=2,No Info,No Info
2023-Dec-21,Finoit,Finoit - React.js Engineer - Javascript/TypeScript ,No Info,https://hirist.com/j/finoit-reactjs-engineer-javascripttypescript-2-4-yrs-1257814.html?ref=kp_br&jobpos=76&jobversion=2,No Info,No Info
2023-Dec-21,Indifi,Indifi - Senior UI Developer - AngularJS/Javascript ,No Info,https://hirist.com/j/indifi-senior-ui-developer-angularjsjavascript-5-8-yrs-1257263.html?ref=kp_br&jobpos=77&jobversion=2,No Info,No Info
2023-Dec-21,React.js Developer,React.js Developer - .Net Framework ,No Info,https://hirist.com/j/reactjs-developer-net-framework-5-10-yrs-1256412.html?ref=kp_br&jobpos=78&jobversion=2,No Info,No Info
2023-Dec-21,React Developer,React Developer - Javascript ,No Info,https://hirist.com/j/react-developer-javascript-3-7-yrs-1256125.html?ref=kp_br&jobpos=79&jobversion=2,No Info,No Info
2023-Dec-21,Associate Lead Engineer,Associate Lead Engineer - Python ,No Info,https://hirist.com/j/associate-lead-engineer-python-5-8-yrs-1255087.html?ref=kp_br&jobpos=80&jobversion=2,No Info,No Info
2023-Dec-21,Software Engineer,Software Engineer - Python/AngularJS ,No Info,https://hirist.com/j/software-engineer-pythonangularjs-2-4-yrs-1255071.html?ref=kp_br&jobpos=81&jobversion=2,No Info,No Info
2023-Dec-21,Xoxoday,Xoxoday - Engineering Manager - Node.js/React.js ,No Info,https://hirist.com/j/xoxoday-engineering-manager-nodejsreactjs-7-9-yrs-1254902.html?ref=kp_br&jobpos=82&jobversion=2,No Info,No Info
2023-Dec-21,EY,EY - Multifond Application Developer - Java/Spring Boot ,No Info,https://hirist.com/j/ey-multifond-application-developer-javaspring-boot-2-12-yrs-1254798.html?ref=kp_br&jobpos=83&jobversion=2,No Info,No Info
2023-Dec-21,Full Stack Lead,Full Stack Lead - Node.js/Angular/PostgreSQL ,No Info,https://hirist.com/j/full-stack-lead-nodejsangularpostgresql-5-8-yrs-1254104.html?ref=kp_br&jobpos=84&jobversion=2,No Info,No Info
2023-Dec-21,Deloitte,Deloitte - Senior Consultant - MERN Stack Development ,No Info,https://hirist.com/j/deloitte-senior-consultant-mern-stack-development-8-10-yrs-1253542.html?ref=kp_br&jobpos=85&jobversion=2,No Info,No Info
2023-Dec-21,FreshToHome,FreshToHome - Software Developer - PHP/Python ,No Info,https://hirist.com/j/freshtohome-software-developer-phppython-0-3-yrs-1253364.html?ref=kp_br&jobpos=86&jobversion=2,No Info,No Info
2023-Dec-21,Magicbricks,Magicbricks - Senior Software Engineer - Java ,No Info,https://hirist.com/j/magicbricks-senior-software-engineer-java-4-5-yrs-1250112.html?ref=kp_br&jobpos=87&jobversion=2,No Info,No Info
2023-Dec-21,Happiest Mind,Happiest Mind - React.js Technical Lead - Web App ,No Info,https://hirist.com/j/happiest-mind-reactjs-technical-lead-web-app-9-13-yrs-1250411.html?ref=kp_br&jobpos=88&jobversion=2,No Info,No Info
2023-Dec-21,Happiest Mind,Happiest Mind - Wordpress Architect - PHP ,No Info,https://hirist.com/j/happiest-mind-wordpress-architect-php-12-16-yrs-1250442.html?ref=kp_br&jobpos=89&jobversion=2,No Info,No Info
2023-Dec-21,Frontend Developer,Frontend Developer - HTML5/CSS3 ,No Info,https://hirist.com/j/frontend-developer-html5css3-2-6-yrs-1250141.html?ref=kp_br&jobpos=90&jobversion=2,No Info,No Info
2023-Dec-21,Tractor Junction,Tractor Junction - React.js/React Native Developer - Web Applications ,No Info,https://hirist.com/j/tractor-junction-reactjsreact-native-developer-web-applications-4-7-yrs-1250190.html?ref=kp_br&jobpos=91&jobversion=2,No Info,No Info
2023-Dec-21,Java Full Stack Developer,Java Full Stack Developer - Spring Boot/React.js ,No Info,https://hirist.com/j/java-full-stack-developer-spring-bootreactjs-5-10-yrs-1279100.html?ref=kp_prm&jobpos=92&jobversion=2,No Info,No Info
2023-Dec-21,6D Technologies,6D Technologies - Technical Lead - Full Stack Development ,No Info,https://hirist.com/j/6d-technologies-technical-lead-full-stack-development-6-8-yrs-1278633.html?ref=kp_prm&jobpos=93&jobversion=2,No Info,No Info
2023-Dec-21,Senior Full Stack Developer,Senior Full Stack Developer - React.js/Next.js ,No Info,https://hirist.com/j/senior-full-stack-developer-reactjsnextjs-4-8-yrs-1278551.html?ref=kp_prm&jobpos=94&jobversion=2,No Info,No Info
2023-Dec-21,Creativefuel,Creativefuel - React.js Developer - HTML/CSS/Javascript ,No Info,https://hirist.com/j/creativefuel-reactjs-developer-htmlcssjavascript-1-3-yrs-1278439.html?ref=kp_prm&jobpos=95&jobversion=2,No Info,No Info
2023-Dec-21,Principle Software Engineer,Principle Software Engineer - Frontend ,No Info,https://hirist.com/j/principle-software-engineer-frontend-10-16-yrs-1278042.html?ref=kp_prm&jobpos=96&jobversion=2,No Info,No Info
2023-Dec-21,Full Stack Engineer,Full Stack Engineer - Ruby on Rails ,No Info,https://hirist.com/j/full-stack-engineer-ruby-on-rails-2-9-yrs-1277741.html?ref=kp_prm&jobpos=97&jobversion=2,No Info,No Info
2023-Dec-21,6D Technologies,6D Technologies - UI Developer - React.js/Jaavscript ,No Info,https://hirist.com/j/6d-technologies-ui-developer-reactjsjaavscript-2-4-yrs-1276776.html?ref=kp_prm&jobpos=98&jobversion=2,No Info,No Info
2023-Dec-21,Java Full Stack Developer,Java Full Stack Developer - Web & Mobile Apps ,No Info,https://hirist.com/j/java-full-stack-developer-web-mobile-apps-5-8-yrs-1276328.html?ref=kp_prm&jobpos=99&jobversion=2,No Info,No Info
2023-Dec-21,Lifo Technologies,Lifo Technologies - Software Developer - Python ,No Info,https://hirist.com/j/lifo-technologies-software-developer-python-5-7-yrs-1275291.html?ref=kp_prm&jobpos=100&jobversion=2,No Info,No Info
2023-Dec-21,Guidewire Digital Portal Developer,Guidewire Digital Portal Developer - Node.js/React.js ,No Info,https://hirist.com/j/guidewire-digital-portal-developer-nodejsreactjs-3-10-yrs-1275183.html?ref=kp_prm&jobpos=101&jobversion=2,No Info,No Info
2023-Dec-21,Java Full Stack Developer,Java Full Stack Developer - Spring/AngularJS ,No Info,https://hirist.com/j/java-full-stack-developer-springangularjs-5-10-yrs-1274785.html?ref=kp_prm&jobpos=102&jobversion=2,No Info,No Info
2023-Dec-21,Gammastack,Gammastack - Ruby on Rails Developer - Vue.js/React.js/AngularJS ,No Info,https://hirist.com/j/gammastack-ruby-on-rails-developer-vuejsreactjsangularjs-4-6-yrs-1274351.html?ref=kp_prm&jobpos=103&jobversion=2,No Info,No Info
2023-Dec-21,Qvantel,Qvantel - React.js Developer - Web Apps ,No Info,https://hirist.com/j/qvantel-reactjs-developer-web-apps-4-8-yrs-1274294.html?ref=kp_prm&jobpos=104&jobversion=2,No Info,No Info
2023-Dec-21,PanTerra Networks,PanTerra Networks - React.js Developer - Web Technologies ,No Info,https://hirist.com/j/panterra-networks-reactjs-developer-web-technologies-4-7-yrs-1258131.html?ref=kp_prm&jobpos=105&jobversion=2,No Info,No Info
2023-Dec-21,Full Stack/React Native Developer ,Full Stack/React Native Developer  - Mobile Apps ,No Info,https://hirist.com/j/full-stackreact-native-developer-mobile-apps-2-5-yrs-1279010.html?ref=kp&jobpos=106&jobversion=2,No Info,No Info
2023-Dec-21,LiquiLoans,LiquiLoans - Associate Vice President - Technology - PHP/Laravel Frameworks ,No Info,https://hirist.com/j/liquiloans-associate-vice-president-technology-phplaravel-frameworks-7-13-yrs-1279083.html?ref=kp&jobpos=107&jobversion=2,No Info,No Info
2023-Dec-21,UI Architect,UI Architect - React.js/Vue.js ,No Info,https://hirist.com/j/ui-architect-reactjsvuejs-8-12-yrs-1279033.html?ref=kp&jobpos=108&jobversion=2,No Info,No Info
2023-Dec-21,PWA Developer,PWA Developer - React.js/TypeScript ,No Info,https://hirist.com/j/pwa-developer-reactjstypescript-6-9-yrs-1279204.html?ref=kp&jobpos=109&jobversion=2,No Info,No Info
2023-Dec-21,Lead Frontend Developer,Lead Frontend Developer - React.js ,No Info,https://hirist.com/j/lead-frontend-developer-reactjs-7-12-yrs-1279453.html?ref=kp&jobpos=110&jobversion=2,No Info,No Info
2023-Dec-21,Full Stack Java Developer,Full Stack Java Developer - Cloud Apps ,No Info,https://hirist.com/j/full-stack-java-developer-cloud-apps-4-10-yrs-1279073.html?ref=kp&jobpos=111&jobversion=2,No Info,No Info
2023-Dec-21,Senior Software Engineer,Senior Software Engineer - Golang/C#/TypeScript ,No Info,https://hirist.com/j/senior-software-engineer-golangctypescript-3-5-yrs-1279254.html?ref=kp&jobpos=112&jobversion=2,No Info,No Info
2023-Dec-21,UI Developer,UI Developer - Frontend Architecture ,No Info,https://hirist.com/j/ui-developer-frontend-architecture-3-6-yrs-1279017.html?ref=kp&jobpos=113&jobversion=2,No Info,No Info
2023-Dec-21,UI Developer,UI Developer - Javascript Frameworks ,No Info,https://hirist.com/j/ui-developer-javascript-frameworks-5-10-yrs-1279125.html?ref=kp&jobpos=114&jobversion=2,No Info,No Info
2023-Dec-21,Frontend Developer,Frontend Developer - Vue.js/AngularJS ,No Info,https://hirist.com/j/frontend-developer-vuejsangularjs-3-8-yrs-1279005.html?ref=kp&jobpos=115&jobversion=2,No Info,No Info
2023-Dec-21,Gloify,Gloify - Senior Java Developer - AWS/MongoDB/Spring Boot ,No Info,https://hirist.com/j/gloify-senior-java-developer-awsmongodbspring-boot-3-7-yrs-1279162.html?ref=kp&jobpos=116&jobversion=2,No Info,No Info
2023-Dec-21,Coducer Technologies,Coducer Technologies - Senior React.js Developer - Next.js ,No Info,https://hirist.com/j/coducer-technologies-senior-reactjs-developer-nextjs-2-3-yrs-1279154.html?ref=kp&jobpos=117&jobversion=2,No Info,No Info
2023-Dec-21,Senior Frontend Developer,Senior Frontend Developer - Javascript/React.js Frameworks ,No Info,https://hirist.com/j/senior-frontend-developer-javascriptreactjs-frameworks-6-10-yrs-1279362.html?ref=kp&jobpos=118&jobversion=2,No Info,No Info
2023-Dec-21,Frontend Developer,Frontend Developer - React.js/Javascript ,No Info,https://hirist.com/j/frontend-developer-reactjsjavascript-1-3-yrs-1279001.html?ref=kp&jobpos=119&jobversion=2,No Info,No Info
2023-Dec-21,Seanergy Digital,Seanergy Digital - React.js Developer - HTML/CSS/Javascript ,No Info,https://hirist.com/j/seanergy-digital-reactjs-developer-htmlcssjavascript-3-10-yrs-1279328.html?ref=kp&jobpos=120&jobversion=2,No Info,No Info
2023-Dec-21,Full Stack Developer,Full Stack Developer - C#/.Net/AngularJS ,No Info,https://hirist.com/j/full-stack-developer-cnetangularjs-4-7-yrs-1279015.html?ref=kp&jobpos=121&jobversion=2,No Info,No Info
2023-Dec-21,Senior React.js Developer,Senior React.js Developer - Javascript/Redux ,No Info,https://hirist.com/j/senior-reactjs-developer-javascriptredux-5-8-yrs-1279305.html?ref=kp&jobpos=122&jobversion=2,No Info,No Info
2023-Dec-21,Full Stack Developer,Full Stack Developer - Java/Spring/Javascript ,No Info,https://hirist.com/j/full-stack-developer-javaspringjavascript-4-9-yrs-1279062.html?ref=kp&jobpos=123&jobversion=2,No Info,No Info
2023-Dec-21,Lead Full Stack Engineer,Lead Full Stack Engineer - React.js/Next.js/AWS ,No Info,https://hirist.com/j/lead-full-stack-engineer-reactjsnextjsaws-5-7-yrs-1279052.html?ref=kp&jobpos=124&jobversion=2,No Info,No Info
2023-Dec-21,Senior Full Stack Developer,Senior Full Stack Developer - Python/React.js/AngularJS ,No Info,https://hirist.com/j/senior-full-stack-developer-pythonreactjsangularjs-5-8-yrs-1279004.html?ref=kp&jobpos=125&jobversion=2,No Info,No Info
2023-Dec-21,React.js Developer,React.js Developer - Javascript/ECMAScript ,No Info,https://hirist.com/j/reactjs-developer-javascriptecmascript-6-9-yrs-1279245.html?ref=kp&jobpos=126&jobversion=2,No Info,No Info
2023-Dec-21,React.js Developer,React.js Developer - Single Page Application ,No Info,https://hirist.com/j/reactjs-developer-single-page-application-3-10-yrs-1278993.html?ref=kp&jobpos=127&jobversion=2,No Info,No Info
2023-Dec-21,MERN Developer,MERN Developer - Web Applications ,No Info,https://hirist.com/j/mern-developer-web-applications-1-8-yrs-1279110.html?ref=kp&jobpos=128&jobversion=2,No Info,No Info
2023-Dec-21,Team Lead,Team Lead - Java ,No Info,https://hirist.com/j/team-lead-java-6-10-yrs-1279393.html?ref=kp&jobpos=129&jobversion=2,No Info,No Info
2023-Dec-21,Senior Full Stack Engineer ,Senior Full Stack Engineer ,No Info,https://hirist.com/j/senior-full-stack-engineer-4-6-yrs-1279197.html?ref=kp&jobpos=130&jobversion=2,No Info,No Info
2023-Dec-21,Director/Senior Director,Director/Senior Director - Full Stack Development ,No Info,https://hirist.com/j/directorsenior-director-full-stack-development-15-20-yrs-1279410.html?ref=kp&jobpos=131&jobversion=2,No Info,No Info
2023-Dec-21,Frontend Developer,Frontend Developer - HTML5/CSS/React.js ,No Info,https://hirist.com/j/frontend-developer-html5cssreactjs-2-5-yrs-1279311.html?ref=kp&jobpos=132&jobversion=2,No Info,No Info
2023-Dec-21,React.js Developer,React.js Developer - TypeScript/Javascript ,No Info,https://hirist.com/j/reactjs-developer-typescriptjavascript-5-10-yrs-1279418.html?ref=kp&jobpos=133&jobversion=2,No Info,No Info
2023-Dec-21,Python Full Stack Developer,Python Full Stack Developer - Server Side Component ,No Info,https://hirist.com/j/python-full-stack-developer-server-side-component-5-10-yrs-1279445.html?ref=kp&jobpos=134&jobversion=2,No Info,No Info
2023-Dec-21,Principal UI Engineer,Principal UI Engineer - Vue.js/React.js ,No Info,https://hirist.com/j/principal-ui-engineer-vuejsreactjs-7-14-yrs-1279473.html?ref=kp&jobpos=135&jobversion=2,No Info,No Info
2023-Dec-21,Java Architect,Java Architect - Spring MVC ,No Info,https://hirist.com/j/java-architect-spring-mvc-10-15-yrs-1279203.html?ref=kp&jobpos=136&jobversion=2,No Info,No Info
2023-Dec-21,Technical Lead,Technical Lead - Full Stack Development ,No Info,https://hirist.com/j/technical-lead-full-stack-development-3-4-yrs-1279463.html?ref=kp&jobpos=137&jobversion=2,No Info,No Info
2023-Dec-21,Senior Software Engineer,Senior Software Engineer - Application Designing & Support ,No Info,https://hirist.com/j/senior-software-engineer-application-designing-support-4-6-yrs-1279027.html?ref=kp&jobpos=138&jobversion=2,No Info,No Info
2023-Dec-21,Full Stack Developer,Full Stack Developer - MERN Stack ,No Info,https://hirist.com/j/full-stack-developer-mern-stack-3-12-yrs-1279442.html?ref=kp&jobpos=139&jobversion=2,No Info,No Info
2023-Dec-21,MERN Stack Developer,MERN Stack Developer - React.js/Node.js ,No Info,https://hirist.com/j/mern-stack-developer-reactjsnodejs-3-5-yrs-1279249.html?ref=kp&jobpos=140&jobversion=2,No Info,No Info
2023-Dec-21,Equabli,Equabli - Full Stack Developer - Node.js/React.js ,No Info,https://hirist.com/j/equabli-full-stack-developer-nodejsreactjs-4-7-yrs-1279432.html?ref=kp&jobpos=141&jobversion=2,No Info,No Info
2023-Dec-21,Vithamas Technologies,Vithamas Technologies - Frontend Lead - React.js/Redux ,No Info,https://hirist.com/j/vithamas-technologies-frontend-lead-reactjsredux-7-12-yrs-1279347.html?ref=kp&jobpos=142&jobversion=2,No Info,No Info
2023-Dec-21,Solution Architect,Solution Architect - Java/Node.js ,No Info,https://hirist.com/j/solution-architect-javanodejs-7-10-yrs-1279137.html?ref=kp&jobpos=143&jobversion=2,No Info,No Info
2023-Dec-21,Full Stack Developer,Full Stack Developer - Node.js/React.js/PostgreSQL ,No Info,https://hirist.com/j/full-stack-developer-nodejsreactjspostgresql-5-9-yrs-1279470.html?ref=kp&jobpos=144&jobversion=2,No Info,No Info
2023-Dec-21,Java Full Stack Developer,Java Full Stack Developer - React.js/Spring Boot ,No Info,https://hirist.com/j/java-full-stack-developer-reactjsspring-boot-3-5-yrs-1279088.html?ref=kp&jobpos=145&jobversion=2,No Info,No Info
2023-Dec-21,.Net Developer,.Net Developer - ASP/MVC ,No Info,https://hirist.com/j/net-developer-aspmvc-3-7-yrs-1279280.html?ref=kp&jobpos=146&jobversion=2,No Info,No Info
2023-Dec-21,React.js Developer,React.js Developer - Javascript ,No Info,https://hirist.com/j/reactjs-developer-javascript-1-4-yrs-1279199.html?ref=kp&jobpos=147&jobversion=2,No Info,No Info
2023-Dec-21,Java Developer,Java Developer - Spring Boot/Microservices Architecture ,No Info,https://hirist.com/j/java-developer-spring-bootmicroservices-architecture-9-11-yrs-1279483.html?ref=kp&jobpos=148&jobversion=2,No Info,No Info
2023-Dec-21,Senior Product Developer,Senior Product Developer - Node.js/React.js ,No Info,https://hirist.com/j/senior-product-developer-nodejsreactjs-3-5-yrs-1279036.html?ref=kp&jobpos=149&jobversion=2,No Info,No Info
2023-Dec-21,MERN Stack Developer,MERN Stack Developer - Web & Mobile Applications ,No Info,https://hirist.com/j/mern-stack-developer-web-mobile-applications-0-3-yrs-1279224.html?ref=kp&jobpos=150&jobversion=2,No Info,No Info
2023-Dec-21,Java Full Stack Developer,Java Full Stack Developer - OOPS/Spring/AngularJS ,No Info,https://hirist.com/j/java-full-stack-developer-oopsspringangularjs-4-6-yrs-1278959.html?ref=kp&jobpos=151&jobversion=2,No Info,No Info
2023-Dec-21,Senior Software Engineer,Senior Software Engineer - Java ,No Info,https://hirist.com/j/senior-software-engineer-java-4-6-yrs-1279021.html?ref=kp&jobpos=152&jobversion=2,No Info,No Info
2023-Dec-21,.Net Tech Lead,.Net Tech Lead - Azure/Javascript ,No Info,https://hirist.com/j/net-tech-lead-azurejavascript-8-10-yrs-1279221.html?ref=kp&jobpos=153&jobversion=2,No Info,No Info
2023-Dec-21,.Net Full Stack Developer,.Net Full Stack Developer - React.js/SQL ,No Info,https://hirist.com/j/net-full-stack-developer-reactjssql-4-8-yrs-1279212.html?ref=kp&jobpos=154&jobversion=2,No Info,No Info
2023-Dec-21,Software Development Engineer II,Software Development Engineer II - Node.js/React.js ,No Info,https://hirist.com/j/software-development-engineer-ii-nodejsreactjs-3-5-yrs-1279026.html?ref=kp&jobpos=155&jobversion=2,No Info,No Info
2023-Dec-21,Sciative Solution,Sciative Solution - Technical Architect - SaaS Applications ,No Info,https://hirist.com/j/sciative-solution-technical-architect-saas-applications-5-7-yrs-1279437.html?ref=kp&jobpos=156&jobversion=2,No Info,No Info
2023-Dec-21,React.js Developer,React.js Developer - HTML/CSS/Javascript ,No Info,https://hirist.com/j/reactjs-developer-htmlcssjavascript-5-10-yrs-1279234.html?ref=kp&jobpos=157&jobversion=2,No Info,No Info
2023-Dec-21,Python Full Stack Developer,Python Full Stack Developer - Django/SQL ,No Info,https://hirist.com/j/python-full-stack-developer-djangosql-2-5-yrs-1279175.html?ref=kp&jobpos=158&jobversion=2,No Info,No Info
2023-Dec-21,Lead/Senior Fullstack Engineer,Lead/Senior Fullstack Engineer - C#/.Net Core ,No Info,https://hirist.com/j/leadsenior-fullstack-engineer-cnet-core-6-11-yrs-1278970.html?ref=kp&jobpos=159&jobversion=2,No Info,No Info
2023-Dec-21,UI Developer,UI Developer - HTML/CSS/Javascript ,No Info,https://hirist.com/j/ui-developer-htmlcssjavascript-5-10-yrs-1279263.html?ref=kp&jobpos=160&jobversion=2,No Info,No Info
2023-Dec-21,Wissen Technology,Wissen Technology - React.js Developer - Javascript/TypeScript ,No Info,https://hirist.com/j/wissen-technology-reactjs-developer-javascripttypescript-4-6-yrs-1279093.html?ref=kp&jobpos=161&jobversion=2,No Info,No Info
2023-Dec-21,Java Full Stack Developer,Java Full Stack Developer - Spring Boot/AngularJS ,No Info,https://hirist.com/j/java-full-stack-developer-spring-bootangularjs-5-10-yrs-1278755.html?ref=kp&jobpos=162&jobversion=2,No Info,No Info
2023-Dec-21,Senior Full Stack Developer,Senior Full Stack Developer - React.js/Next.js/Node.js ,No Info,https://hirist.com/j/senior-full-stack-developer-reactjsnextjsnodejs-10-15-yrs-1278928.html?ref=kp&jobpos=163&jobversion=2,No Info,No Info
2023-Dec-21,Palni,Palni - Frontend Developer - React.js/AngularJS ,No Info,https://hirist.com/j/palni-frontend-developer-reactjsangularjs-5-6-yrs-1278567.html?ref=kp&jobpos=164&jobversion=2,No Info,No Info
2023-Dec-21,.Net Core Full Stack Developer,.Net Core Full Stack Developer - Azure/SQL Server ,No Info,https://hirist.com/j/net-core-full-stack-developer-azuresql-server-8-13-yrs-1278909.html?ref=kp&jobpos=165&jobversion=2,No Info,No Info
2023-Dec-21,Wordpress Developer,Wordpress Developer - PHP/Laravel ,No Info,https://hirist.com/j/wordpress-developer-phplaravel-2-8-yrs-1278714.html?ref=kp&jobpos=166&jobversion=2,No Info,No Info
2023-Dec-21,Lead Frontend Developer,Lead Frontend Developer - React.js ,No Info,https://hirist.com/j/lead-frontend-developer-reactjs-4-8-yrs-1278859.html?ref=kp&jobpos=167&jobversion=2,No Info,No Info
2023-Dec-21,React.js Developer,React.js Developer - Javascript ,No Info,https://hirist.com/j/reactjs-developer-javascript-4-6-yrs-1278899.html?ref=kp&jobpos=168&jobversion=2,No Info,No Info
2023-Dec-21,OpenGov,OpenGov - Principal Engineer - API/Microservices Architecture ,No Info,https://hirist.com/j/opengov-principal-engineer-apimicroservices-architecture-14-23-yrs-1278783.html?ref=kp&jobpos=169&jobversion=2,No Info,No Info
2023-Dec-21,.Net Full Stack Developer,.Net Full Stack Developer - C#/MVC/React.js ,No Info,https://hirist.com/j/net-full-stack-developer-cmvcreactjs-4-7-yrs-1278865.html?ref=kp&jobpos=170&jobversion=2,No Info,No Info
2023-Dec-21,Full Stack Developer,Full Stack Developer - React.js/Node.js ,No Info,https://hirist.com/j/full-stack-developer-reactjsnodejs-4-6-yrs-1278763.html?ref=kp&jobpos=171&jobversion=2,No Info,No Info
2023-Dec-21,Senior React.js Developer,Senior React.js Developer - Javascript ,No Info,https://hirist.com/j/senior-reactjs-developer-javascript-4-8-yrs-1278914.html?ref=kp&jobpos=172&jobversion=2,No Info,No Info
2023-Dec-21,Prolifics,Prolifics - .Net Technical Architect - Microservices Architecture ,No Info,https://hirist.com/j/prolifics-net-technical-architect-microservices-architecture-10-18-yrs-1278814.html?ref=kp&jobpos=173&jobversion=2,No Info,No Info
2023-Dec-21,Senior Full Stack Developer,Senior Full Stack Developer - .Net/Javascript ,No Info,https://hirist.com/j/senior-full-stack-developer-netjavascript-7-15-yrs-1278785.html?ref=kp&jobpos=174&jobversion=2,No Info,No Info
2023-Dec-21,Java Full Stack Developer,Java Full Stack Developer - AngularJS/React.js ,No Info,https://hirist.com/j/java-full-stack-developer-angularjsreactjs-5-8-yrs-1278614.html?ref=kp&jobpos=175&jobversion=2,No Info,No Info
2023-Dec-21,Java Full Stack Developer,Java Full Stack Developer - React.js/Spring Boot ,No Info,https://hirist.com/j/java-full-stack-developer-reactjsspring-boot-4-8-yrs-1278621.html?ref=kp&jobpos=176&jobversion=2,No Info,No Info
2023-Dec-21,React.js Developer,React.js Developer - Javascript ,No Info,https://hirist.com/j/reactjs-developer-javascript-0-20-yrs-1278685.html?ref=kp&jobpos=177&jobversion=2,No Info,No Info
2023-Dec-21,Vecmocon Technologies,Vecmocon Technologies - Frontend Developer - React.js ,No Info,https://hirist.com/j/vecmocon-technologies-frontend-developer-reactjs-1-4-yrs-1278932.html?ref=kp&jobpos=178&jobversion=2,No Info,No Info
2023-Dec-21,Technical Lead/Delivery Architect,Technical Lead/Delivery Architect - Full Stack Development ,No Info,https://hirist.com/j/technical-leaddelivery-architect-full-stack-development-11-15-yrs-1278665.html?ref=kp&jobpos=179&jobversion=2,No Info,No Info
2023-Dec-21,VDart,VDart - MERN Stack Developer - Node.js/Microservices Architecture ,No Info,https://hirist.com/j/vdart-mern-stack-developer-nodejsmicroservices-architecture-5-17-yrs-1278611.html?ref=kp&jobpos=180&jobversion=2,No Info,No Info
2023-Dec-21,Lead Engineer,Lead Engineer - React Native ,No Info,https://hirist.com/j/lead-engineer-react-native-5-8-yrs-1278635.html?ref=kp&jobpos=181&jobversion=2,No Info,No Info
2023-Dec-21,UI Architect,UI Architect - HTML/CSS/Javascript ,No Info,https://hirist.com/j/ui-architect-htmlcssjavascript-8-12-yrs-1278934.html?ref=kp&jobpos=182&jobversion=2,No Info,No Info
2023-Dec-21,Full Stack Developer,Full Stack Developer - React.js/Node.js ,No Info,https://hirist.com/j/full-stack-developer-reactjsnodejs-4-12-yrs-1278854.html?ref=kp&jobpos=183&jobversion=2,No Info,No Info
2023-Dec-21,Full Stack .Net Developer,Full Stack .Net Developer - MVC/Entity Framework ,No Info,https://hirist.com/j/full-stack-net-developer-mvcentity-framework-7-15-yrs-1278679.html?ref=kp&jobpos=184&jobversion=2,No Info,No Info
2023-Dec-21,UI/UX Developer,UI/UX Developer - AngularJS/React.js/jQuery ,No Info,https://hirist.com/j/uiux-developer-angularjsreactjsjquery-5-10-yrs-1278746.html?ref=kp&jobpos=185&jobversion=2,No Info,No Info
2023-Dec-21,Java Full Stack Developer,Java Full Stack Developer - React.js/Microservices Architecture ,No Info,https://hirist.com/j/java-full-stack-developer-reactjsmicroservices-architecture-4-15-yrs-1278707.html?ref=kp&jobpos=186&jobversion=2,No Info,No Info
2023-Dec-21,Java Full Stack Developer,Java Full Stack Developer - React.js ,No Info,https://hirist.com/j/java-full-stack-developer-reactjs-3-5-yrs-1278873.html?ref=kp&jobpos=187&jobversion=2,No Info,No Info
2023-Dec-21,P99SOFT,P99SOFT - React.js Developer - Redux/Flux ,No Info,https://hirist.com/j/p99soft-reactjs-developer-reduxflux-4-7-yrs-1278935.html?ref=kp&jobpos=188&jobversion=2,No Info,No Info
2023-Dec-21,Angular Developer,Angular Developer - HTML/CSS/Javascript ,No Info,https://hirist.com/j/angular-developer-htmlcssjavascript-4-8-yrs-1278742.html?ref=kp&jobpos=189&jobversion=2,No Info,No Info
2023-Dec-21,Tech Lead,Tech Lead - Full Stack Development - Java/Javascript ,No Info,https://hirist.com/j/tech-lead-full-stack-development-javajavascript-9-14-yrs-1278169.html?ref=kp&jobpos=190&jobversion=2,No Info,No Info
2023-Dec-21,Senior/Principal/Java Full Stack Developer,Senior/Principal/Java Full Stack Developer - Spring Boot/Hibernate ,No Info,https://hirist.com/j/seniorprincipaljava-full-stack-developer-spring-boothibernate-2-8-yrs-1278238.html?ref=kp&jobpos=191&jobversion=2,No Info,No Info
2023-Dec-21,Lead Developer,Lead Developer - Java/Spring Frameworks/React.js ,No Info,https://hirist.com/j/lead-developer-javaspring-frameworksreactjs-8-13-yrs-1278345.html?ref=kp&jobpos=192&jobversion=2,No Info,No Info
2023-Dec-21,React.js Developer,React.js Developer - Web Applications ,No Info,https://hirist.com/j/reactjs-developer-web-applications-4-8-yrs-1278528.html?ref=kp&jobpos=193&jobversion=2,No Info,No Info
2023-Dec-21,Digi Upaay,Digi Upaay - Full Stack .Net Developer - C#/SQL Server/Javascript ,No Info,https://hirist.com/j/digi-upaay-full-stack-net-developer-csql-serverjavascript-4-10-yrs-1278348.html?ref=kp&jobpos=194&jobversion=2,No Info,No Info
2023-Dec-21,Lead/Senior Software Engineer,Lead/Senior Software Engineer - Java/Full Stack Development ,No Info,https://hirist.com/j/leadsenior-software-engineer-javafull-stack-development-6-12-yrs-1278179.html?ref=kp&jobpos=195&jobversion=2,No Info,No Info
2023-Dec-21,.Net Core Developer,.Net Core Developer - AngularJS/React.js ,No Info,https://hirist.com/j/net-core-developer-angularjsreactjs-7-12-yrs-1278486.html?ref=kp&jobpos=196&jobversion=2,No Info,No Info
2023-Dec-21,Acuver Consulting,Acuver Consulting - UI Architect/Lead Developer - React.js/ES6 ,No Info,https://hirist.com/j/acuver-consulting-ui-architectlead-developer-reactjses6-5-9-yrs-1278310.html?ref=kp&jobpos=197&jobversion=2,No Info,No Info
2023-Dec-21,NCR Voyix,NCR Voyix - Software Engineer III - React.js ,No Info,https://hirist.com/j/ncr-voyix-software-engineer-iii-reactjs-6-9-yrs-1278190.html?ref=kp&jobpos=198&jobversion=2,No Info,No Info
2023-Dec-21,React.js/Full Stack Developer,React.js/Full Stack Developer - Javascript/AJAX ,No Info,https://hirist.com/j/reactjsfull-stack-developer-javascriptajax-3-6-yrs-1278297.html?ref=kp&jobpos=199&jobversion=2,No Info,No Info
2023-Dec-21,Senior Java Full Stack Developer,Senior Java Full Stack Developer - Vue.js/AngularJS ,No Info,https://hirist.com/j/senior-java-full-stack-developer-vuejsangularjs-4-7-yrs-1278171.html?ref=kp&jobpos=200&jobversion=2,No Info,No Info
2023-Dec-21,Senior Software Engineer,Senior Software Engineer - React.js/AWS Lambda ,No Info,https://hirist.com/j/senior-software-engineer-reactjsaws-lambda-3-6-yrs-1278376.html?ref=kp&jobpos=201&jobversion=2,No Info,No Info
2023-Dec-21,Java Full Stack Developer,Java Full Stack Developer - React.js/Spring Boot/AngularJS ,No Info,https://hirist.com/j/java-full-stack-developer-reactjsspring-bootangularjs-5-12-yrs-1278396.html?ref=kp&jobpos=202&jobversion=2,No Info,No Info
2023-Dec-21,NCR Voyix,NCR Voyix - Frontend Developer - React.js/Javascript ,No Info,https://hirist.com/j/ncr-voyix-frontend-developer-reactjsjavascript-3-8-yrs-1278508.html?ref=kp&jobpos=203&jobversion=2,No Info,No Info
2023-Dec-21,Lead Full Stack Developer,Lead Full Stack Developer - PHP/Javascript/MongoDB ,No Info,https://hirist.com/j/lead-full-stack-developer-phpjavascriptmongodb-1-15-yrs-1278532.html?ref=kp&jobpos=204&jobversion=2,No Info,No Info
2023-Dec-21,Frontend Developer,Frontend Developer - React.js/Javascript ,No Info,https://hirist.com/j/frontend-developer-reactjsjavascript-4-8-yrs-1278507.html?ref=kp&jobpos=205&jobversion=2,No Info,No Info
2023-Dec-21,Lead MERN Stack Engineer,Lead MERN Stack Engineer - Google Cloud Platform ,No Info,https://hirist.com/j/lead-mern-stack-engineer-google-cloud-platform-5-10-yrs-1278535.html?ref=kp&jobpos=206&jobversion=2,No Info,No Info
2023-Dec-21,Lead Full Stack Engineer,Lead Full Stack Engineer - Java 8/React.js/Spring Boot ,No Info,https://hirist.com/j/lead-full-stack-engineer-java-8reactjsspring-boot-6-14-yrs-1278250.html?ref=kp&jobpos=207&jobversion=2,No Info,No Info
2023-Dec-21,TEKsystems,TEKsystems - Python Full Stack Developer - Django Frameworks ,No Info,https://hirist.com/j/teksystems-python-full-stack-developer-django-frameworks-5-12-yrs-1278443.html?ref=kp&jobpos=208&jobversion=2,No Info,No Info
2023-Dec-21,Principle Engineer,Principle Engineer - Full Stack Development ,No Info,https://hirist.com/j/principle-engineer-full-stack-development-6-10-yrs-1278178.html?ref=kp&jobpos=209&jobversion=2,No Info,No Info
2023-Dec-21,Java Full Stack Developer,Java Full Stack Developer - Microservices Architecture ,No Info,https://hirist.com/j/java-full-stack-developer-microservices-architecture-5-12-yrs-1278490.html?ref=kp&jobpos=210&jobversion=2,No Info,No Info
2023-Dec-21,Senior Software Engineer,Senior Software Engineer - PHP/Laravel ,No Info,https://hirist.com/j/senior-software-engineer-phplaravel-3-5-yrs-1278378.html?ref=kp&jobpos=211&jobversion=2,No Info,No Info
2023-Dec-21,.Net Developer,.Net Developer - ASP/C# ,No Info,https://hirist.com/j/net-developer-aspc-2-10-yrs-1278411.html?ref=kp&jobpos=212&jobversion=2,No Info,No Info
2023-Dec-21,Technical Lead,Technical Lead - MERN/Full Stack ,No Info,https://hirist.com/j/technical-lead-mernfull-stack-5-10-yrs-1278367.html?ref=kp&jobpos=213&jobversion=2,No Info,No Info
2023-Dec-21,Java Full Stack Developer,Java Full Stack Developer - Spring Boot/React.js ,No Info,https://hirist.com/j/java-full-stack-developer-spring-bootreactjs-12-15-yrs-1278405.html?ref=kp&jobpos=214&jobversion=2,No Info,No Info
2023-Dec-21,Benovymed,Benovymed - Senior Frontend Developer - HTML/CSS ,No Info,https://hirist.com/j/benovymed-senior-frontend-developer-htmlcss-2-10-yrs-1278211.html?ref=kp&jobpos=215&jobversion=2,No Info,No Info
2023-Dec-21,Software Engineer,Software Engineer - UI Development - React.js/Javascript ,No Info,https://hirist.com/j/software-engineer-ui-development-reactjsjavascript-1-5-yrs-1278242.html?ref=kp&jobpos=216&jobversion=2,No Info,No Info
2023-Dec-21,Lead MERN Stack Developer,Lead MERN Stack Developer - Node.js/Express.js ,No Info,https://hirist.com/j/lead-mern-stack-developer-nodejsexpressjs-5-8-yrs-1278370.html?ref=kp&jobpos=217&jobversion=2,No Info,No Info
2023-Dec-21,Creativefuel ,Creativefuel  - Full Stack Developer - Javascript/Node.js/MySQL ,No Info,https://hirist.com/j/creativefuel-full-stack-developer-javascriptnodejsmysql-1-3-yrs-1278480.html?ref=kp&jobpos=218&jobversion=2,No Info,No Info
2023-Dec-21,Backend/Full Stack Engineer,Backend/Full Stack Engineer - React.js/Java ,No Info,https://hirist.com/j/backendfull-stack-engineer-reactjsjava-2-5-yrs-1278375.html?ref=kp&jobpos=219&jobversion=2,No Info,No Info
2023-Dec-21,Architect,Architect - SaaS Platform Startup ,No Info,https://hirist.com/j/architect-saas-platform-startup-8-12-yrs-1278180.html?ref=kp&jobpos=220&jobversion=2,No Info,No Info
